{
  "roc_auc": 0.8469864889302231,
  "pr_auc": 0.6468009846244296,
  "logloss": 0.40706100622742925,
  "brier": 0.13320191733743725,
  "lift@k": 2.9869938884532234,
  "threshold@k": 0.6794871794871795
}