{
  "roc_auc": 0.8247074323800666,
  "pr_auc": 0.6110669525985462,
  "logloss": 0.43213063382940986,
  "brier": 0.1423553191251967,
  "lift@k": 2.7717150496457843,
  "threshold@k": 0.6
}